<application>
  <component name="FileTypeManager" version="17">
    <extensionMap>
      <mapping pattern="run" type="Bash" />
      <mapping pattern="testdocs" type="Bash" />
      <mapping pattern="pub" type="Bash" />
      <mapping pattern="offensiveWords_wiktionary" type="JavaScript" />
      <mapping ext="styled" type="JavaScript" />
      <mapping pattern="WHAT TO DO ABOUT ?" type="PLAIN_TEXT" />
      <mapping pattern="wordbreak" type="PLAIN_TEXT" />
      <mapping pattern="index" type="PLAIN_TEXT" />
      <mapping ext="exc" type="PLAIN_TEXT" />
    </extensionMap>
  </component>
</application>